id;id_c;firstname_c;lastname_c;email_c;phone_c;address_c
1;reciprocal withdrawal;"Mrdvic";"Qpuzkv";"m2@-kp\=yzkpj";Integration e-markets;Handcrafted iterate PNG
2;Account;"Glup";"Aixvyc";"4@ol_4\Ipnx";Customer-focused;Associate Taiwan
3;Mouse;"Nmmccu";"Mc";"rb1l_@it.0\nhfhbv";Mountain;haptic
4;Via;"Yegfqsc";"Mzxuv";"_m@ufok\*fr";Solutions;leverage Pants
5;Market Gorgeous;"Xnqm";"Zd";"8.n@98w\d\jzzan";Rubber deposit;Fish Cambridgeshire
6;Hollow matrix;"Uvjsijl";"Kxkqx";"lh\@wph\nnlpd";Sausages Cheese withdrawal;Soap
7;red SAS;"Etsrsqk";"Dicfur";"xndd@8nb2x\eosdn";reintermediate networks;Investor
8;Officer Money;"Sa";"Alhw";"e42rt@tp7k\-lms";Directives Multi-channelled payment;Bridge morph
9;Berkshire;"Fzalpjg";"Aelqame";"8u67yx@u9paa\7ksk";Liaison Optimized optical;up
10;Ball;"Yxpf";"Mok";"_h6f@0.5-5\Nhkw";functionalities;Licensed Frozen
